{
    "evaluation_results": {
        "YOLOv8n": {
            "mAP@0.5": 0.6621763934887716,
            "mAP@[.5:.95]": 0.4912372984123589,
            "Precision": 0.6564953508814799,
            "Recall": 0.6044938340659874,
            "Velocidad_Inferencia": 15.563031832887267
        },
        "YOLOv8s": {
            "mAP@0.5": 0.7948761987783918,
            "mAP@[.5:.95]": 0.6170723169580494,
            "Precision": 0.8196685220124562,
            "Recall": 0.6938566527355065,
            "Velocidad_Inferencia": 18.055618812126262
        },
        "YOLOv8m": {
            "mAP@0.5": 0.8233829600488968,
            "mAP@[.5:.95]": 0.6557999081749207,
            "Precision": 0.801861010439236,
            "Recall": 0.7392130845433706,
            "Velocidad_Inferencia": 15.253395671098946
        }
    },
    "training_times": {
        "YOLOv8n": 90.86414361000061,
        "YOLOv8s": 100.06793546676636,
        "YOLOv8m": 169.29651045799255
    },
    "best_model": {
        "name": "YOLOv8m",
        "mAP_05": 0.8233829600488968,
        "mAP_05_095": 0.6557999081749207,
        "precision": 0.801861010439236,
        "recall": 0.7392130845433706,
        "speed": 15.253395671098946
    }
}